empresa,setor,colaboradores,desafios,metas,contato,data
Studio Ámbar Energia,Energia,36,turnover alto; alto CAC e payback longo,reduzir prazo médio de recebimento; lançar novo produto em 90 dias,contato@studioámbacampos.com.br,26/08/2025 04:21
Helix Ámbar Sistemas,Saúde,21,turnover alto; backlog acumulado,reduzir churn para <3%; implantar BI e indicadores semanais,contato@helixámbarfranco.net.br,12/10/2025 04:21
Orbital Miragem Consultoria,Tecnologia da Informação,41,dificuldade de precificação; pipeline irregular,aumentar margem bruta em 8 p.p.; implantar BI e indicadores semanais; acelerar ciclo comercial em 25%,contato@orbitalmirlima.com.br,22/09/2025 04:21
Studio Nácar Digital,Hotelaria & Turismo,82,baixa eficiência operacional; inadimplência; baixa taxa de conversão,reduzir custos operacionais em 15%; reduzir churn para <3%; padronizar processos críticos,contato@studionácapereir.ai,28/08/2025 04:21
Rede Âmago Estratégia,Varejo,20,dependência de poucos clientes; processos manuais excessivos,implantar rotina de comitês e ritos de gestão; reduzir custos operacionais em 15%,contato@redeâmagoecarval.ai,12/09/2025 04:21
Aurora Esmeralda Serviços,Hotelaria & Turismo,20,retrabalho e erros de qualidade; processos manuais excessivos,reduzir churn para <3%; lançar novo produto em 90 dias,contato@auroraesmeferrei.io,11/09/2025 04:21
Synergia Safira Educação,Esportes,86,pipeline irregular; baixa eficiência operacional,implantar rotina de comitês e ritos de gestão; crescer receita em 30% em 12 meses,contato@synergiasaribeir.net.br,06/10/2025 04:21
Casa Rubra Educação,Serviços Jurídicos,45,rupturas na cadeia de suprimentos; onboarding de clientes lento; falta de indicadores claros,aumentar margem bruta em 8 p.p.; padronizar processos críticos; implantar rotina de comitês e ritos de gestão,contato@casarubraeferrei.ai,06/08/2025 04:21
Delta Granito Educação,Serviços Jurídicos,16,governança e priorização fracas; turnover alto; alto CAC e payback longo,reduzir custos operacionais em 15%; abrir novos canais de aquisição; crescer receita em 30% em 12 meses,contato@deltagranilima.io,21/08/2025 04:21
Núcleo Prisma Tech,E-commerce,37,falta de indicadores claros; comunicação interna difusa,reduzir churn para <3%; padronizar processos críticos; implantar rotina de comitês e ritos de gestão,contato@núcleoprisalmeid.com.br,14/08/2025 04:21
Âncora Prisma Consultoria,Marketing & Publicidade,16,dependência de poucos clientes; dificuldade de precificação,melhorar NPS para 75+; crescer receita em 30% em 12 meses,contato@âncorapriscardos.ai,06/09/2025 04:21
Núcleo Cedro Educação,Educação,16,backlog acumulado; rupturas na cadeia de suprimentos; alto CAC e payback longo,abrir novos canais de aquisição; aumentar margem bruta em 8 p.p.; reduzir churn para <3%,contato@núcleocedrvieira.com.br,25/08/2025 04:21
Atlas Pinha Sistemas,Educação,29,dependência de poucos clientes; turnover alto; baixa eficiência operacional,automatizar rotinas administrativas; reduzir custos operacionais em 15%,contato@atlaspinhacosta.net.br,28/07/2025 04:21
Casa Prisma Labs,Indústria,5,onboarding de clientes lento; falta de cultura de dados,reduzir churn para <3%; automatizar rotinas administrativas; estruturar SDR e playbook,contato@casaprismamendes.io,10/08/2025 04:21
Orbe Granito Tech,Hotelaria & Turismo,6,backlog acumulado; inadimplência; baixa taxa de conversão,implantar BI e indicadores semanais; reduzir custos operacionais em 15%,contato@orbegranitribeir.com.br,26/08/2025 04:21
Âncora Rubra Design,Logística,15,processos manuais excessivos; baixa eficiência operacional,reduzir custos operacionais em 15%; crescer receita em 30% em 12 meses,contato@âncorarubrribeir.com.br,05/09/2025 04:21
Fábrica Safira Tech,Mídia & Conteúdo,10,comunicação interna difusa; alto CAC e payback longo,implantar BI e indicadores semanais; abrir novos canais de aquisição; melhorar NPS para 75+,contato@fábricasafpeixot.io,28/10/2025 04:21
Studio Bruma Obras,Hotelaria & Turismo,31,dificuldade de precificação; inadimplência; baixa eficiência operacional,crescer receita em 30% em 12 meses; estruturar SDR e playbook,contato@studiobrumcardos.ai,30/07/2025 04:21
Studio Rubra Dados,Agro,11,alto CAC e payback longo; dificuldade de precificação; falta de cultura de dados,melhorar NPS para 75+; implantar BI e indicadores semanais; reduzir custos operacionais em 15%,contato@studiorubrbarros.com.br,03/11/2025 04:21
Âncora Arco Sistemas,Saúde,7,falta de cultura de dados; dificuldade de precificação,melhorar NPS para 75+; implantar BI e indicadores semanais; estruturar SDR e playbook,contato@âncoraarcomoreir.io,22/09/2025 04:21
Grupo Granito Consultoria,Telecom,79,dificuldade de precificação; onboarding de clientes lento; alto CAC e payback longo,padronizar processos críticos; implantar BI e indicadores semanais,contato@grupogranimoreir.com.br,06/08/2025 04:21
Atlas Ámbar Sistemas,Serviços Jurídicos,20,backlog acumulado; comunicação interna difusa; falta de cultura de dados,reduzir churn para <3%; reduzir custos operacionais em 15%,contato@atlasámbargonçal.com.br,25/08/2025 04:21
Casa Bruma Digital,Logística,25,baixa taxa de conversão; turnover alto; baixa eficiência operacional,estruturar SDR e playbook; reduzir prazo médio de recebimento,contato@casabrumadmontei.ai,13/07/2025 04:21
Oficina Rubra Tech,Marketing & Publicidade,7,retrabalho e erros de qualidade; falta de indicadores claros,reduzir prazo médio de recebimento; implantar rotina de comitês e ritos de gestão,contato@oficinarubrocha.net.br,30/09/2025 04:21
Casa Ámbar Foods,RH & Recrutamento,15,processos manuais excessivos; rupturas na cadeia de suprimentos,aumentar margem bruta em 8 p.p.; acelerar ciclo comercial em 25%; reduzir custos operacionais em 15%,contato@casaámbarfferrei.ai,04/10/2025 04:21
Núcleo Pinha Digital,Esportes,26,backlog acumulado; falta de previsibilidade comercial; dependência de poucos clientes,aumentar margem bruta em 8 p.p.; padronizar processos críticos,contato@núcleopinhlima.com.br,06/08/2025 04:21
Âncora Esmeralda Consultoria,Construção,9,pipeline irregular; rupturas na cadeia de suprimentos,reduzir churn para <3%; melhorar NPS para 75+; padronizar processos críticos,contato@âncoraesmemoreir.com.br,20/08/2025 04:21
Helix Arco Consultoria,Varejo,33,pipeline irregular; alto CAC e payback longo,aumentar margem bruta em 8 p.p.; lançar novo produto em 90 dias; melhorar NPS para 75+,contato@helixarcoccampos.net.br,30/08/2025 04:21
Grupo Cobalto Estratégia,Indústria,15,governança e priorização fracas; alto CAC e payback longo,aumentar margem bruta em 8 p.p.; crescer receita em 30% em 12 meses; padronizar processos críticos,contato@grupocobalsilvei.com.br,17/07/2025 04:21
Aurora Rubra Tech,Logística,19,governança e priorização fracas; dificuldade de precificação,implantar BI e indicadores semanais; aumentar margem bruta em 8 p.p.,contato@aurorarubrgonçal.net.br,06/11/2025 04:21
Núcleo Âmago Educação,Marketing & Publicidade,15,turnover alto; retrabalho e erros de qualidade; falta de cultura de dados,estruturar SDR e playbook; crescer receita em 30% em 12 meses,contato@núcleoâmagrezend.io,15/10/2025 04:21
Orbital Nácar Consultoria,Logística,107,falta de previsibilidade comercial; rupturas na cadeia de suprimentos,acelerar ciclo comercial em 25%; padronizar processos críticos; reduzir custos operacionais em 15%,contato@orbitalnácbarbos.ai,19/08/2025 04:21
Vertente Granito Tech,Esportes,24,falta de previsibilidade comercial; baixa taxa de conversão; retrabalho e erros de qualidade,automatizar rotinas administrativas; padronizar processos críticos,contato@vertentegrmoreir.com.br,25/08/2025 04:21
Helix Nácar Energia,Marketing & Publicidade,10,backlog acumulado; baixa taxa de conversão; falta de indicadores claros,padronizar processos críticos; crescer receita em 30% em 12 meses,contato@helixnácarfranco.net.br,09/11/2025 04:21
Vertente Vértice Transportes,Esportes,47,governança e priorização fracas; dificuldade de precificação,reduzir prazo médio de recebimento; acelerar ciclo comercial em 25%,contato@vertentevésouza.ai,17/08/2025 04:21
Studio Âmago Educação,Construção,9,dificuldade de precificação; pipeline irregular; falta de indicadores claros,reduzir churn para <3%; aumentar margem bruta em 8 p.p.; implantar BI e indicadores semanais,contato@studioâmagpeixot.net.br,15/08/2025 04:21
Núcleo Miragem Design,Construção,28,comunicação interna difusa; falta de previsibilidade comercial; dependência de poucos clientes,implantar BI e indicadores semanais; estruturar SDR e playbook; automatizar rotinas administrativas,contato@núcleomirasouza.ai,11/09/2025 04:21
Orbital Pinha Tech,Agro,5,falta de cultura de dados; processos manuais excessivos; dependência de poucos clientes,reduzir custos operacionais em 15%; abrir novos canais de aquisição; implantar BI e indicadores semanais,contato@orbitalpincavalc.ai,12/10/2025 04:21
Rede Esmeralda Sistemas,Varejo,8,onboarding de clientes lento; processos manuais excessivos,estruturar SDR e playbook; reduzir prazo médio de recebimento; automatizar rotinas administrativas,contato@redeesmeramendes.net.br,07/09/2025 04:21
Synergia Rubra Log,Tecnologia da Informação,28,dificuldade de precificação; turnover alto,abrir novos canais de aquisição; lançar novo produto em 90 dias,contato@synergiaruvieira.net.br,03/11/2025 04:21
Âncora Rubra Educação,Educação,44,alto CAC e payback longo; inadimplência; pipeline irregular,automatizar rotinas administrativas; lançar novo produto em 90 dias; reduzir churn para <3%,contato@âncorarubrpeixot.net.br,18/07/2025 04:21
Núcleo Âmago Digital,Mídia & Conteúdo,28,retrabalho e erros de qualidade; turnover alto; comunicação interna difusa,reduzir prazo médio de recebimento; implantar BI e indicadores semanais; padronizar processos críticos,contato@núcleoâmagbarros.com.br,10/08/2025 04:21
Orbe Rubra Consultoria,Marketing & Publicidade,22,comunicação interna difusa; processos manuais excessivos; alto CAC e payback longo,implantar BI e indicadores semanais; estruturar SDR e playbook,contato@orberubracfranco.io,11/08/2025 04:21
Rede Cobalto Obras,E-commerce,19,comunicação interna difusa; inadimplência; dificuldade de precificação,implantar BI e indicadores semanais; estruturar SDR e playbook,contato@redecobaltcarval.com.br,23/07/2025 04:21
Delta Granito Foods,Tecnologia da Informação,7,dependência de poucos clientes; falta de indicadores claros; dificuldade de precificação,melhorar NPS para 75+; implantar BI e indicadores semanais,contato@deltagranibarbos.net.br,08/09/2025 04:21
Grupo Granito Serviços,Alimentos & Bebidas,13,inadimplência; alto CAC e payback longo,estruturar SDR e playbook; automatizar rotinas administrativas,contato@grupogranimontei.com.br,30/10/2025 04:21
Helix Esmeralda Digital,Telecom,16,baixa eficiência operacional; retrabalho e erros de qualidade,acelerar ciclo comercial em 25%; implantar BI e indicadores semanais; melhorar NPS para 75+,contato@helixesmerribeir.ai,04/08/2025 04:21
Synergia Safira Transportes,E-commerce,57,processos manuais excessivos; onboarding de clientes lento; falta de previsibilidade comercial,acelerar ciclo comercial em 25%; implantar BI e indicadores semanais,contato@synergiasapereir.com.br,02/08/2025 04:21
Instituto Prisma Sistemas,Logística,32,falta de previsibilidade comercial; alto CAC e payback longo,aumentar margem bruta em 8 p.p.; melhorar NPS para 75+,contato@institutopcavalc.com.br,29/08/2025 04:21
Rede Pinha Energia,Energia,5,falta de cultura de dados; baixa taxa de conversão; comunicação interna difusa,reduzir custos operacionais em 15%; automatizar rotinas administrativas; crescer receita em 30% em 12 meses,contato@redepinhaerocha.net.br,20/09/2025 04:21
Rede Cobalto Design,Logística,31,dependência de poucos clientes; baixa taxa de conversão,acelerar ciclo comercial em 25%; reduzir churn para <3%,contato@redecobaltpeixot.ai,01/11/2025 04:21
Vertente Bruma Serviços,Tecnologia da Informação,18,onboarding de clientes lento; baixa taxa de conversão; dificuldade de precificação,reduzir prazo médio de recebimento; melhorar NPS para 75+; lançar novo produto em 90 dias,contato@vertentebrazeved.net.br,18/10/2025 04:21
Vertente Bruma Consultoria,RH & Recrutamento,14,inadimplência; dificuldade de precificação; retrabalho e erros de qualidade,implantar rotina de comitês e ritos de gestão; implantar BI e indicadores semanais; reduzir custos operacionais em 15%,contato@vertentebrbarbos.net.br,09/10/2025 04:21
Orbital Miragem Design,Alimentos & Bebidas,40,falta de previsibilidade comercial; onboarding de clientes lento; pipeline irregular,melhorar NPS para 75+; implantar BI e indicadores semanais,contato@orbitalmirsilvei.ai,27/09/2025 04:21
Oficina Vértice Design,Energia,55,backlog acumulado; rupturas na cadeia de suprimentos,implantar BI e indicadores semanais; lançar novo produto em 90 dias,contato@oficinavérpeixot.net.br,30/08/2025 04:21
Fábrica Âmago Foods,Mídia & Conteúdo,51,falta de previsibilidade comercial; processos manuais excessivos; dependência de poucos clientes,estruturar SDR e playbook; lançar novo produto em 90 dias,contato@fábricaâmaferrei.ai,17/08/2025 04:21
Delta Nácar Foods,Esportes,12,dificuldade de precificação; pipeline irregular; governança e priorização fracas,padronizar processos críticos; implantar rotina de comitês e ritos de gestão; abrir novos canais de aquisição,contato@deltanácarferrei.com.br,09/08/2025 04:21
Rede Nácar Estratégia,Esportes,19,rupturas na cadeia de suprimentos; comunicação interna difusa,padronizar processos críticos; lançar novo produto em 90 dias; automatizar rotinas administrativas,contato@redenácarevieira.ai,28/10/2025 04:21
Rede Safira Dados,Hotelaria & Turismo,31,dependência de poucos clientes; falta de previsibilidade comercial,padronizar processos críticos; crescer receita em 30% em 12 meses,contato@redesafiramoreir.ai,12/08/2025 04:21
Laboratório Bruma Digital,Mídia & Conteúdo,53,falta de previsibilidade comercial; dependência de poucos clientes,melhorar NPS para 75+; implantar rotina de comitês e ritos de gestão; acelerar ciclo comercial em 25%,contato@laboratórigonçal.com.br,08/10/2025 04:21
Horizonte Cobalto Digital,Saúde,16,onboarding de clientes lento; processos manuais excessivos; baixa eficiência operacional,aumentar margem bruta em 8 p.p.; abrir novos canais de aquisição,contato@horizontecmontei.ai,30/10/2025 04:21
Fábrica Cobalto Labs,E-commerce,21,backlog acumulado; falta de indicadores claros,melhorar NPS para 75+; padronizar processos críticos; automatizar rotinas administrativas,contato@fábricacobpeixot.ai,29/08/2025 04:21
Zenit Ámbar Design,Educação,10,rupturas na cadeia de suprimentos; retrabalho e erros de qualidade,aumentar margem bruta em 8 p.p.; implantar BI e indicadores semanais,contato@zenitámbargonçal.com.br,20/10/2025 04:21
Grupo Granito Foods,RH & Recrutamento,9,dependência de poucos clientes; baixa eficiência operacional; turnover alto,lançar novo produto em 90 dias; padronizar processos críticos; implantar rotina de comitês e ritos de gestão,contato@grupogranibarros.com.br,14/08/2025 04:21
Fábrica Vértice Consultoria,Serviços Jurídicos,46,dificuldade de precificação; baixa taxa de conversão,reduzir prazo médio de recebimento; aumentar margem bruta em 8 p.p.,contato@fábricavérbarbos.io,31/10/2025 04:21
Instituto Esmeralda Transportes,Construção,72,inadimplência; baixa taxa de conversão; comunicação interna difusa,lançar novo produto em 90 dias; estruturar SDR e playbook; padronizar processos críticos,contato@institutoevieira.net.br,14/09/2025 04:21
Casa Miragem Sistemas,E-commerce,23,retrabalho e erros de qualidade; falta de previsibilidade comercial; processos manuais excessivos,reduzir prazo médio de recebimento; automatizar rotinas administrativas,contato@casamiragemontei.com.br,04/08/2025 04:21
Oficina Miragem Sistemas,Serviços Financeiros,54,backlog acumulado; inadimplência; retrabalho e erros de qualidade,automatizar rotinas administrativas; estruturar SDR e playbook,contato@oficinamirpereir.net.br,29/10/2025 04:21
Horizonte Nácar Obras,Marketing & Publicidade,32,baixa taxa de conversão; falta de cultura de dados; pipeline irregular,lançar novo produto em 90 dias; melhorar NPS para 75+; padronizar processos críticos,contato@horizontencavalc.net.br,28/07/2025 04:21
Âncora Ámbar Foods,Saúde,14,retrabalho e erros de qualidade; pipeline irregular; baixa taxa de conversão,implantar rotina de comitês e ritos de gestão; reduzir churn para <3%; crescer receita em 30% em 12 meses,contato@âncoraámbacavalc.net.br,18/09/2025 04:21
Instituto Rubra Labs,Hotelaria & Turismo,32,inadimplência; baixa eficiência operacional; rupturas na cadeia de suprimentos,reduzir churn para <3%; aumentar margem bruta em 8 p.p.; padronizar processos críticos,contato@institutorbarros.net.br,25/10/2025 04:21
Grupo Bruma Design,Logística,83,dependência de poucos clientes; falta de previsibilidade comercial,reduzir custos operacionais em 15%; implantar BI e indicadores semanais; implantar rotina de comitês e ritos de gestão,contato@grupobrumabarros.com.br,19/08/2025 04:21
Laboratório Pinha Educação,Construção,23,dificuldade de precificação; onboarding de clientes lento; backlog acumulado,melhorar NPS para 75+; reduzir churn para <3%,contato@laboratóriazeved.net.br,16/10/2025 04:21
Zenit Cedro Energia,Indústria,85,retrabalho e erros de qualidade; dificuldade de precificação,abrir novos canais de aquisição; reduzir churn para <3%; padronizar processos críticos,contato@zenitcedroalmeid.ai,09/08/2025 04:21
Orbe Arco Design,Serviços Jurídicos,3,alto CAC e payback longo; inadimplência; onboarding de clientes lento,acelerar ciclo comercial em 25%; reduzir churn para <3%; abrir novos canais de aquisição,contato@orbearcodecarval.net.br,13/07/2025 04:21
Atlas Arco Dados,Logística,47,turnover alto; dificuldade de precificação; baixa eficiência operacional,lançar novo produto em 90 dias; melhorar NPS para 75+; implantar rotina de comitês e ritos de gestão,contato@atlasarcodcarval.net.br,17/08/2025 04:21
Laboratório Pinha Sistemas,Indústria,26,baixa taxa de conversão; inadimplência; comunicação interna difusa,crescer receita em 30% em 12 meses; lançar novo produto em 90 dias; aumentar margem bruta em 8 p.p.,contato@laboratóripeixot.io,31/10/2025 04:21
Horizonte Prisma Consultoria,Marketing & Publicidade,19,processos manuais excessivos; pipeline irregular; falta de indicadores claros,reduzir prazo médio de recebimento; lançar novo produto em 90 dias; melhorar NPS para 75+,contato@horizontepcampos.com.br,22/08/2025 04:21
Casa Rubra Tech,Construção,26,processos manuais excessivos; dificuldade de precificação,abrir novos canais de aquisição; reduzir prazo médio de recebimento,contato@casarubratfranco.com.br,14/09/2025 04:21
Núcleo Âmago Consultoria,Tecnologia da Informação,5,pipeline irregular; baixa eficiência operacional,acelerar ciclo comercial em 25%; implantar rotina de comitês e ritos de gestão; estruturar SDR e playbook,contato@núcleoâmagazeved.io,03/09/2025 04:21
Helix Miragem Tech,Serviços Financeiros,20,falta de cultura de dados; processos manuais excessivos,automatizar rotinas administrativas; reduzir prazo médio de recebimento; implantar BI e indicadores semanais,contato@helixmiragrezend.io,11/10/2025 04:21
Orbital Bruma Consultoria,Telecom,32,falta de previsibilidade comercial; inadimplência; dependência de poucos clientes,reduzir custos operacionais em 15%; melhorar NPS para 75+,contato@orbitalbrusilvei.ai,20/08/2025 04:21
Helix Âmago Consultoria,Telecom,80,rupturas na cadeia de suprimentos; falta de indicadores claros; onboarding de clientes lento,implantar BI e indicadores semanais; estruturar SDR e playbook,contato@helixâmagomontei.ai,28/08/2025 04:21
Orbe Âmago Consultoria,Tecnologia da Informação,16,retrabalho e erros de qualidade; falta de previsibilidade comercial; baixa eficiência operacional,implantar rotina de comitês e ritos de gestão; padronizar processos críticos; implantar BI e indicadores semanais,contato@orbeâmagocsouza.ai,12/10/2025 04:21
Rede Miragem Consultoria,Indústria,12,baixa eficiência operacional; dependência de poucos clientes,crescer receita em 30% em 12 meses; automatizar rotinas administrativas; acelerar ciclo comercial em 25%,contato@redemiragecardos.io,29/10/2025 04:21
Orbe Nácar Energia,E-commerce,16,rupturas na cadeia de suprimentos; alto CAC e payback longo,reduzir churn para <3%; implantar rotina de comitês e ritos de gestão; padronizar processos críticos,contato@orbenácaregonçal.ai,16/07/2025 04:21
Horizonte Prisma Consultoria,Marketing & Publicidade,51,inadimplência; processos manuais excessivos,abrir novos canais de aquisição; implantar BI e indicadores semanais,contato@horizontepcavalc.net.br,24/07/2025 04:21
Âncora Nácar Estratégia,Alimentos & Bebidas,31,retrabalho e erros de qualidade; baixa taxa de conversão,acelerar ciclo comercial em 25%; reduzir prazo médio de recebimento; lançar novo produto em 90 dias,contato@âncoranácacavalc.ai,27/08/2025 04:21
Synergia Arco Tech,Hotelaria & Turismo,16,turnover alto; onboarding de clientes lento,automatizar rotinas administrativas; reduzir churn para <3%,contato@synergiaarribeir.io,19/08/2025 04:21
Casa Bruma Digital,Telecom,36,dificuldade de precificação; baixa taxa de conversão; alto CAC e payback longo,crescer receita em 30% em 12 meses; padronizar processos críticos,contato@casabrumadrezend.com.br,28/10/2025 04:21
Fábrica Vértice Labs,Indústria,26,inadimplência; governança e priorização fracas; dificuldade de precificação,estruturar SDR e playbook; reduzir prazo médio de recebimento,contato@fábricavérlima.net.br,23/08/2025 04:21
Helix Safira Sistemas,Hotelaria & Turismo,53,inadimplência; comunicação interna difusa,implantar rotina de comitês e ritos de gestão; acelerar ciclo comercial em 25%,contato@helixsafirlima.ai,01/09/2025 04:21
Aurora Ámbar Obras,Energia,13,baixa taxa de conversão; inadimplência,reduzir prazo médio de recebimento; implantar BI e indicadores semanais,contato@auroraámbapereir.com.br,03/11/2025 04:21
Atlas Rubra Log,Serviços Jurídicos,18,processos manuais excessivos; rupturas na cadeia de suprimentos,implantar rotina de comitês e ritos de gestão; implantar BI e indicadores semanais,contato@atlasrubraribeir.io,01/08/2025 04:21
Zenit Ámbar Consultoria,Indústria,17,comunicação interna difusa; retrabalho e erros de qualidade,reduzir custos operacionais em 15%; reduzir prazo médio de recebimento,contato@zenitámbaralmeid.io,08/11/2025 04:21
Aurora Prisma Transportes,Logística,7,falta de previsibilidade comercial; falta de cultura de dados; retrabalho e erros de qualidade,aumentar margem bruta em 8 p.p.; lançar novo produto em 90 dias,contato@auroraprispeixot.com.br,06/08/2025 04:21
Casa Pinha Foods,Hotelaria & Turismo,31,inadimplência; backlog acumulado,automatizar rotinas administrativas; crescer receita em 30% em 12 meses,contato@casapinhafcardos.ai,12/09/2025 04:21
Grupo Ámbar Foods,Alimentos & Bebidas,30,baixa taxa de conversão; onboarding de clientes lento; inadimplência,reduzir custos operacionais em 15%; acelerar ciclo comercial em 25%,contato@grupoámbarsouza.io,01/11/2025 04:21
Laboratório Safira Design,Serviços Jurídicos,24,falta de indicadores claros; backlog acumulado; dependência de poucos clientes,reduzir churn para <3%; automatizar rotinas administrativas; estruturar SDR e playbook,contato@laboratórilima.com.br,23/07/2025 04:21
Âncora Âmago Digital,Agro,20,inadimplência; turnover alto; dificuldade de precificação,implantar rotina de comitês e ritos de gestão; melhorar NPS para 75+; estruturar SDR e playbook,contato@âncoraâmagpeixot.com.br,30/09/2025 04:21
